Date,Open,High,Low,Close,Volume,Adj Close
2017-03-24,18.370001,18.68,18.34,18.469999,3294900,18.469999
2017-03-23,18.42,18.57,18.35,18.389999,2568700,18.389999
2017-03-22,18.57,18.629999,18.24,18.379999,3468600,18.379999
2017-03-21,19.049999,19.110001,18.48,18.530001,7012700,18.530001
2017-03-20,19.41,19.450001,19.07,19.15,4083200,19.15
2017-03-17,19.41,19.57,19.290001,19.43,9916400,19.43
2017-03-16,19.16,19.360001,19.129999,19.309999,4522400,19.309999
2017-03-15,19.00,19.26,18.799999,19.139999,4022200,19.139999
2017-03-14,19.120001,19.27,18.92,18.93,3482500,18.93
2017-03-13,19.040001,19.25,18.99,19.200001,2807600,19.200001
2017-03-10,18.719999,19.299999,18.709999,19.10,3664100,19.10
2017-03-09,18.780001,18.85,18.549999,18.690001,1952300,18.690001
2017-03-08,18.879999,18.940001,18.639999,18.74,2988600,18.74
2017-03-07,19.00,19.00,18.50,18.799999,4220500,18.799999
2017-03-06,18.629999,18.959999,18.610001,18.93,4267000,18.93
2017-03-03,18.75,18.799999,18.33,18.74,4576600,18.74
2017-03-02,19.35,19.35,18.700001,18.709999,5559200,18.709999
2017-03-01,18.879999,19.43,18.860001,19.370001,5680700,19.370001
2017-02-28,18.799999,19.00,18.709999,18.780001,3154500,18.780001
2017-02-27,18.530001,18.76,18.450001,18.75,3356600,18.75
2017-02-24,18.74,18.879999,18.379999,18.66,3413100,18.66
2017-02-23,18.91,19.030001,18.75,18.82,3969400,18.695
2017-02-22,19.200001,19.27,18.75,18.84,4108200,18.714867
2017-02-21,19.17,19.360001,19.059999,19.16,4355000,19.032742
2017-02-17,18.76,19.07,18.67,18.889999,4209800,18.764535
2017-02-16,19.83,19.91,18.67,18.690001,7642400,18.565864
2017-02-15,19.389999,19.860001,19.370001,19.77,8111700,19.638691
2017-02-14,18.42,19.280001,18.42,19.27,9942300,19.142012
2017-02-13,18.280001,18.50,18.25,18.370001,8591900,18.24799
2017-02-10,18.35,18.60,18.26,18.280001,15835300,18.158587
2017-02-09,20.040001,20.040001,18.120001,18.32,22629200,18.198321
2017-02-08,19.52,20.09,19.459999,20.040001,6080400,19.906898
2017-02-07,19.370001,19.620001,19.370001,19.52,4219900,19.390351
2017-02-06,19.32,19.40,19.190001,19.280001,6671400,19.151946
2017-02-03,19.40,19.549999,19.27,19.40,3290900,19.271147
2017-02-02,18.940001,19.41,18.92,19.33,4123700,19.201613
2017-02-01,19.120001,19.25,18.629999,18.940001,5204800,18.814204
2017-01-31,18.85,19.25,18.700001,19.200001,4376200,19.072477
2017-01-30,19.40,19.540001,18.73,18.85,4702900,18.724801
2017-01-27,19.59,19.639999,19.32,19.50,4688000,19.370484
2017-01-26,19.469999,19.809999,19.280001,19.57,10684300,19.440018
2017-01-25,19.120001,19.57,19.030001,19.530001,10814600,19.400285
2017-01-24,18.780001,19.07,18.610001,19.00,7578900,18.873805
2017-01-23,19.030001,19.08,18.66,18.76,6940000,18.635399
2017-01-20,18.719999,19.10,18.709999,19.02,5987200,18.893672
2017-01-19,18.93,18.940001,18.530001,18.60,6316400,18.476462
2017-01-18,19.18,19.34,18.870001,18.93,3881100,18.80427
2017-01-17,18.83,19.32,18.790001,19.10,9027000,18.973141
2017-01-13,18.59,18.799999,18.59,18.719999,6267700,18.595664
2017-01-12,18.549999,18.639999,18.43,18.540001,3907100,18.416861
2017-01-11,18.90,19.030001,18.51,18.58,5322300,18.456594
2017-01-10,18.860001,19.040001,18.82,18.959999,3289000,18.834069
2017-01-09,18.90,19.02,18.799999,18.85,3925300,18.724801
2017-01-06,18.940001,19.139999,18.75,19.08,4649600,18.953273
2017-01-05,18.90,19.01,18.73,18.91,3648600,18.784402
2017-01-04,18.709999,19.110001,18.68,19.00,6046600,18.873805
2017-01-03,18.450001,18.809999,18.379999,18.67,4506000,18.545996
2016-12-30,18.50,18.52,18.219999,18.309999,3677900,18.188387
2016-12-29,18.459999,18.540001,18.35,18.41,2510900,18.287723
2016-12-28,18.790001,18.790001,18.43,18.49,2798200,18.367192
2016-12-27,18.709999,18.969999,18.639999,18.76,2996200,18.635399
2016-12-23,18.700001,18.889999,18.65,18.67,2374800,18.545996
2016-12-22,18.77,18.83,18.58,18.73,6049700,18.605597
2016-12-21,18.73,18.91,18.66,18.76,4488200,18.635399
2016-12-20,18.790001,18.969999,18.40,18.67,4310700,18.545996
2016-12-19,18.77,19.120001,18.610001,18.76,4191600,18.635399
2016-12-16,18.540001,18.799999,18.440001,18.690001,10889500,18.565864
2016-12-15,18.459999,18.559999,18.139999,18.35,4983700,18.228122
2016-12-14,18.92,18.940001,18.530001,18.620001,7081800,18.372159
2016-12-13,18.60,18.959999,18.559999,18.860001,6942600,18.608965
2016-12-12,19.190001,19.25,18.559999,18.59,5449400,18.342558
2016-12-09,19.17,19.370001,19.01,19.16,12847500,18.904971
2016-12-08,18.879999,19.23,18.719999,19.07,9831000,18.816169
2016-12-07,18.799999,19.07,18.559999,18.780001,7952300,18.53003
2016-12-06,18.610001,18.879999,18.50,18.780001,6080900,18.53003
2016-12-05,18.209999,18.65,18.190001,18.530001,6693700,18.283357
2016-12-02,18.09,18.450001,17.940001,18.09,9427800,17.849213
2016-12-01,18.870001,18.950001,18.01,18.08,7810300,17.839346
2016-11-30,19.67,19.73,18.59,18.709999,8449600,18.46096
2016-11-29,19.77,19.82,19.49,19.549999,7660800,19.289779
2016-11-28,20.01,20.01,19.73,19.75,8169700,19.487118
2016-11-25,19.969999,19.99,19.60,19.879999,2021800,19.615387
2016-11-23,19.73,19.959999,19.530001,19.82,5808700,19.556186
2016-11-22,19.450001,19.74,19.23,19.709999,7520800,19.447649
2016-11-21,18.75,19.73,18.75,19.450001,9497800,19.191112
2016-11-18,18.90,18.969999,18.59,18.75,6608400,18.500428
2016-11-17,18.440001,18.66,18.290001,18.60,5341900,18.352425
2016-11-16,18.17,18.389999,17.969999,18.35,5697100,18.105753
2016-11-15,18.25,18.370001,18.01,18.26,6572900,18.016951
2016-11-14,18.84,18.84,18.040001,18.24,12129000,17.997216
2016-11-11,18.459999,19.290001,18.280001,18.66,11367100,18.411626
2016-11-10,19.940001,19.969999,18.459999,18.549999,16364900,18.30309
2016-11-09,19.379999,19.90,18.48,19.65,25743200,19.388448
2016-11-08,22.209999,22.27,21.84,21.889999,11109500,21.598633
2016-11-07,22.01,22.32,21.889999,22.209999,6975900,21.914373
2016-11-04,22.309999,22.32,21.799999,21.889999,7192100,21.598633
2016-11-03,22.23,22.459999,22.18,22.35,6759100,22.052511
2016-11-02,22.42,22.42,22.09,22.25,11321500,21.953842
2016-11-01,23.110001,23.110001,22.219999,22.43,7877100,22.131446
2016-10-31,22.90,23.02,22.73,22.99,6043700,22.683992
2016-10-28,22.780001,23.07,22.73,22.90,4914500,22.595189
2016-10-27,23.00,23.00,22.51,22.719999,7973600,22.417585
2016-10-26,23.10,23.24,22.74,22.93,5821900,22.624791
2016-10-25,22.790001,23.139999,22.690001,23.110001,8189000,22.802395
2016-10-24,22.99,23.120001,22.540001,22.76,10130900,22.457053
2016-10-21,23.299999,23.32,22.77,23.00,10782500,22.693859
2016-10-20,23.540001,23.67,23.290001,23.379999,10010000,23.0688
2016-10-19,23.360001,23.59,23.209999,23.549999,11421900,23.236537
2016-10-18,23.639999,23.639999,23.07,23.43,8434600,23.118135
2016-10-17,23.450001,23.58,23.309999,23.389999,10335500,23.078667
2016-10-14,23.530001,23.74,23.23,23.34,9866500,23.029333
2016-10-13,23.280001,23.700001,23.23,23.48,17056300,23.167469
2016-10-12,23.00,23.51,22.93,23.370001,16445600,23.058935
2016-10-11,22.92,23.059999,22.639999,22.959999,16986500,22.65439
2016-10-10,23.57,23.620001,22.790001,22.91,30830700,22.605056
2016-10-07,24.74,24.74,23.50,23.610001,86269300,23.29574
2016-10-06,25.00,25.34,24.68,24.76,23336600,24.430432
2016-10-05,24.040001,25.10,24.030001,25.10,59087000,24.765907
2016-10-04,24.00,24.120001,23.790001,23.98,28390600,23.660814
2016-10-03,23.790001,24.02,23.41,23.790001,23433300,23.473344
2016-09-30,23.43,23.76,23.120001,23.50,68491900,23.187203
2016-09-29,23.90,23.950001,23.08,23.08,22324100,22.772794
2016-09-28,23.940001,24.00,23.549999,23.82,39976800,23.502944
2016-09-27,23.58,23.85,23.309999,23.450001,19458800,23.13787
2016-09-26,23.75,23.809999,23.059999,23.57,18679900,23.256271
2016-09-23,23.83,24.00,23.379999,23.389999,14852600,23.078667
2016-09-22,23.85,23.98,23.459999,23.73,18809100,23.414142
2016-09-21,24.10,24.24,23.57,23.85,22293300,23.532545
2016-09-20,23.98,24.24,23.83,24.09,20271000,23.76935
2016-09-19,24.809999,24.889999,23.889999,24.02,12429500,23.700282
2016-09-16,24.23,24.51,24.190001,24.48,11301800,24.154159
2016-09-15,24.09,24.370001,24.09,24.33,8303900,24.006156
2016-09-14,24.059999,24.290001,23.950001,24.09,8344300,23.76935
2016-09-13,24.32,24.50,24.01,24.139999,5380100,23.818684
2016-09-12,24.690001,24.719999,24.10,24.549999,3643500,24.223227
2016-09-09,24.67,24.67,24.17,24.25,3614800,23.927221
2016-09-08,25.33,25.33,24.49,24.780001,4134300,24.450167
2016-09-07,25.959999,26.00,24.870001,25.10,3614800,24.765907
2016-09-06,26.629999,26.629999,25.75,25.879999,2724800,25.535524
2016-09-02,25.99,26.60,25.08,26.43,3146700,26.078204
2016-09-01,26.639999,26.799999,25.549999,25.709999,3146800,25.367786
2016-08-31,27.290001,27.309999,26.860001,26.950001,1018300,26.591283
2016-08-30,27.700001,27.84,27.07,27.27,1027900,26.907023
2016-08-29,27.040001,27.98,26.950001,27.450001,779100,27.084628
2016-08-26,27.73,27.790001,26.73,27.530001,1522100,27.163563
2016-08-25,28.33,28.860001,27.469999,27.639999,1322700,27.272097
2016-08-24,28.26,28.40,27.75,27.809999,714100,27.439835
2016-08-23,28.91,29.00,28.18,28.24,813100,27.864111
2016-08-22,28.75,29.299999,28.75,28.91,997600,28.525194
2016-08-19,28.559999,28.99,28.540001,28.67,1715500,28.288388
2016-08-18,27.50,28.84,27.50,28.58,1741500,28.199586
2016-08-17,28.33,28.780001,27.09,27.709999,2398600,27.341165
2016-08-16,29.959999,30.110001,27.18,28.280001,2793500,27.90358
2016-08-15,28.84,30.129999,28.74,29.75,1526300,29.354013
2016-08-12,29.00,29.59,28.74,28.969999,1561500,28.584394
2016-08-11,27.959999,29.09,27.91,28.950001,992600,28.564662
2016-08-10,27.75,28.280001,27.65,27.99,793200,27.617439
2016-08-09,28.07,28.16,27.65,27.65,1124400,27.281965
2016-08-08,27.65,28.58,27.610001,28.01,1084900,27.365834
2016-08-05,27.32,27.73,27.32,27.639999,967800,27.004342
2016-08-04,27.379999,27.790001,27.110001,27.190001,942800,26.564692
2016-08-03,26.85,27.139999,26.27,27.09,411400,26.466991
2016-08-02,26.940001,27.32,26.74,26.860001,463300,26.242281
2016-08-01,27.09,28.00,26.690001,26.91,667500,26.291131
2016-07-29,26.57,26.940001,26.52,26.870001,492200,26.252052
2016-07-28,26.77,26.85,26.540001,26.60,456500,25.988261
2016-07-27,26.98,27.120001,26.58,26.76,319600,26.144581
2016-07-26,26.76,27.110001,26.68,27.059999,352600,26.437681
2016-07-25,26.719999,26.959999,26.530001,26.700001,469800,26.085961
2016-07-22,26.610001,26.780001,26.33,26.60,598400,25.988261
2016-07-21,27.00,27.139999,26.60,26.620001,699700,26.007801
2016-07-20,27.09,27.35,27.01,27.129999,446100,26.506071
2016-07-19,27.50,27.60,27.200001,27.299999,394300,26.672161
2016-07-18,27.709999,27.98,27.549999,27.700001,696000,27.062963
2016-07-15,27.309999,27.780001,27.200001,27.60,972800,26.965263
2016-07-14,27.27,27.58,27.25,27.41,880800,26.779632
2016-07-13,27.360001,27.450001,27.10,27.27,530000,26.642852
2016-07-12,27.01,27.299999,26.950001,27.219999,805900,26.594001
2016-07-11,26.950001,27.25,26.92,27.09,475600,26.466991
2016-07-08,26.540001,27.27,26.33,27.139999,997100,26.515841
2016-07-07,26.379999,26.50,26.08,26.440001,740900,25.83194
2016-07-06,26.18,26.32,25.809999,26.200001,1128100,25.59746
2016-07-05,25.950001,26.639999,25.73,26.18,646800,25.57792
2016-07-01,26.34,26.549999,26.02,26.219999,814700,25.616999
2016-06-30,25.610001,26.040001,25.379999,25.99,1108400,25.392289
2016-06-29,25.370001,26.139999,25.35,25.709999,563300,25.118727
2016-06-28,25.540001,25.77,25.110001,25.35,814000,24.767008
2016-06-27,25.26,25.549999,24.74,25.34,1430500,24.757237
2016-06-24,26.120001,26.389999,25.23,25.360001,2872000,24.776778
2016-06-23,26.559999,26.860001,26.49,26.73,591500,26.11527
2016-06-22,26.469999,26.82,26.290001,26.51,662800,25.90033
2016-06-21,26.299999,26.84,26.24,26.370001,941700,25.76355
2016-06-20,26.32,26.780001,26.309999,26.33,582200,25.72447
2016-06-17,26.309999,26.65,26.08,26.25,1604500,25.646309
2016-06-16,26.35,26.700001,26.190001,26.25,1181600,25.646309
2016-06-15,26.50,26.85,26.299999,26.40,1143300,25.792859
2016-06-14,26.18,26.52,26.02,26.51,664400,25.90033
2016-06-13,26.940001,27.07,26.10,26.360001,1415800,25.75378
2016-06-10,26.43,26.99,26.290001,26.889999,1776400,26.27159
2016-06-09,26.200001,26.75,26.030001,26.719999,715100,26.1055
2016-06-08,26.459999,26.459999,26.139999,26.309999,752700,25.704929
2016-06-07,26.299999,26.860001,26.299999,26.360001,809000,25.75378
2016-06-06,26.43,26.879999,26.139999,26.84,1502800,26.222741
2016-06-03,26.639999,26.790001,26.190001,26.27,695000,25.66585
2016-06-02,26.629999,27.00,26.440001,26.83,594100,26.212971
2016-06-01,26.32,26.719999,26.129999,26.59,722800,25.97849
2016-05-31,26.639999,26.84,26.040001,26.34,1293500,25.73424
2016-05-27,26.24,26.360001,25.809999,26.26,634200,25.65608
2016-05-26,25.98,26.360001,25.76,26.10,792500,25.499759
2016-05-25,26.190001,26.309999,25.690001,25.75,945500,25.157808
2016-05-24,25.780001,26.379999,25.780001,26.059999,572200,25.460678
2016-05-23,25.17,25.940001,24.90,25.780001,947700,25.187119
2016-05-20,25.299999,25.299999,24.82,25.209999,1825700,24.630226
2016-05-19,25.40,25.450001,25.02,25.129999,647200,24.552066
2016-05-18,25.91,26.07,25.24,25.290001,684900,24.708388
2016-05-17,25.49,26.280001,25.40,26.00,2093700,25.402059
2016-05-16,25.41,25.719999,25.25,25.49,651300,24.903787
2016-05-13,25.780001,26.17,25.299999,25.50,644600,24.913558
2016-05-12,26.219999,27.190001,25.459999,25.870001,1668900,25.275049
2016-05-11,26.84,26.870001,26.08,26.200001,864300,25.59746
2016-05-10,26.719999,26.959999,26.51,26.950001,1524100,26.330212
2016-05-09,26.860001,26.98,26.41,26.60,673200,25.988261
2016-05-06,26.780001,27.34,26.73,26.860001,1693500,26.242281
2016-05-05,27.15,27.42,26.799999,26.99,1750700,26.369291
2016-05-04,28.00,28.459999,27.07,27.280001,2152000,26.652622
2016-05-03,30.52,30.700001,28.200001,28.35,3612600,27.698015
2016-05-02,30.790001,31.60,30.200001,31.059999,2193600,30.34569
2016-04-29,29.860001,30.60,29.790001,30.40,824900,29.700868
2016-04-28,29.959999,30.25,29.879999,30.030001,1192100,29.339379
2016-04-27,29.66,30.110001,28.879999,29.98,883500,29.290527
2016-04-26,29.940001,29.940001,29.41,29.629999,642000,28.948576
2016-04-25,29.23,30.01,29.059999,29.799999,1011500,29.114667
2016-04-22,29.50,29.73,28.559999,29.51,1086800,28.831337
2016-04-21,29.84,30.17,29.60,29.700001,844700,29.016968
2016-04-20,30.02,30.08,29.719999,29.959999,490200,29.270987
2016-04-19,30.360001,30.59,29.90,30.00,693200,29.310068
2016-04-18,29.690001,30.450001,29.60,30.370001,1298700,29.67156
2016-04-15,29.719999,30.66,29.58,30.59,2410500,29.886499
2016-04-14,29.85,30.59,29.43,29.58,1492300,28.899727
2016-04-13,29.65,29.950001,29.360001,29.809999,781800,29.124437
2016-04-12,28.52,29.209999,28.200001,29.18,583300,28.508926
2016-04-11,28.83,29.200001,28.440001,28.49,907000,27.834794
2016-04-08,28.98,29.15,28.629999,28.950001,935200,28.284216
2016-04-07,28.809999,29.059999,28.50,28.91,706400,28.245135
2016-04-06,28.540001,29.120001,28.139999,29.030001,865500,28.362376
2016-04-05,28.49,28.67,28.23,28.389999,728400,27.737094
2016-04-04,29.01,29.17,28.280001,28.790001,975600,28.127896
2016-04-01,27.83,29.030001,27.59,29.00,1714100,28.333066
2016-03-31,27.49,27.870001,27.18,27.83,1197000,27.189973
2016-03-30,27.49,27.82,27.32,27.66,745300,27.023882
2016-03-29,27.049999,27.709999,26.66,27.48,960700,26.848022
2016-03-28,26.870001,27.219999,26.690001,27.129999,728000,26.506071
2016-03-24,26.40,26.700001,26.18,26.690001,739300,26.076191
2016-03-23,26.73,26.93,26.35,26.469999,372100,25.861249
2016-03-22,27.01,27.01,26.43,26.709999,650200,26.09573
2016-03-21,27.77,28.049999,27.00,27.01,981900,26.388831
2016-03-18,27.209999,28.290001,27.08,27.950001,1845200,27.307214
2016-03-17,26.98,27.440001,26.57,27.190001,921600,26.564692
2016-03-16,26.75,27.049999,26.540001,26.940001,1823300,26.320441
2016-03-15,27.030001,27.35,26.52,26.99,916900,26.369291
2016-03-14,27.50,27.92,27.17,27.200001,712500,26.574462
2016-03-11,27.52,27.799999,27.25,27.52,743600,26.887103
2016-03-10,27.34,27.709999,26.60,27.60,1150500,26.965263
2016-03-09,27.690001,27.799999,27.16,27.34,1181100,26.711242
2016-03-08,27.32,27.780001,27.16,27.639999,850900,27.004342
2016-03-07,27.610001,27.73,26.76,27.440001,1052200,26.808943
2016-03-04,28.190001,28.68,27.219999,27.620001,1173900,26.984803
2016-03-03,28.93,29.139999,27.91,28.110001,1099400,27.463534
2016-03-02,28.469999,29.00,28.360001,28.92,857200,28.254906
2016-03-01,28.76,29.01,28.129999,28.440001,954700,27.785945
2016-02-29,28.67,29.110001,28.209999,28.48,807000,27.825024
2016-02-26,29.52,29.59,28.610001,28.91,591300,28.245135
2016-02-25,29.08,29.50,28.57,29.469999,1058700,28.792256
2016-02-24,28.700001,29.41,28.26,29.41,801400,28.733636
2016-02-23,28.860001,28.860001,28.00,28.73,913700,28.069275
2016-02-22,28.940001,29.27,28.58,28.809999,984800,28.147435
2016-02-19,28.629999,29.049999,28.059999,28.84,451300,28.176745
2016-02-18,29.00,29.469999,28.200001,28.889999,1572200,28.225595
2016-02-17,27.01,29.02,27.01,28.969999,2463200,28.303755
2016-02-16,26.60,27.129999,26.42,27.00,680100,26.379061
2016-02-12,26.790001,27.10,26.23,26.48,785700,25.871019
2016-02-11,26.58,27.00,25.90,26.75,1155800,26.134811
2016-02-10,27.360001,27.77,26.92,27.030001,1410200,26.408372
2016-02-09,26.49,27.719999,26.129999,27.41,2540200,26.779632
2016-02-08,27.620001,27.92,26.17,26.690001,2721700,26.076191
2016-02-05,28.360001,28.360001,27.309999,28.049999,2935400,27.404913
2016-02-04,27.57,28.84,26.01,28.360001,3981200,27.707785
2016-02-03,24.620001,24.85,23.889999,24.610001,1457900,24.044026
2016-02-02,23.959999,25.110001,23.959999,24.709999,1511100,24.141725
2016-02-01,24.52,24.77,24.059999,24.309999,1793100,23.750924
2016-01-29,23.459999,24.74,23.389999,24.610001,2001900,24.044026
2016-01-28,23.450001,23.65,23.120001,23.450001,832000,22.910704
2016-01-27,23.110001,23.67,22.870001,23.219999,1003800,22.685992
2016-01-26,22.90,23.389999,22.469999,23.16,1027400,22.627372
2016-01-25,22.75,23.26,22.08,22.450001,1903200,21.933702
2016-01-22,22.77,23.290001,22.360001,22.90,889900,22.373351
2016-01-21,23.139999,23.540001,22.07,22.450001,1138800,21.933702
2016-01-20,21.76,23.219999,21.60,22.950001,2348500,22.422203
2016-01-19,22.450001,22.700001,21.73,21.950001,1611600,21.4452
2016-01-15,21.799999,22.15,21.48,21.790001,1874600,21.28888
2016-01-14,22.549999,22.82,22.00,22.139999,1343200,21.63083
2016-01-13,22.959999,23.049999,22.25,22.57,2349500,22.050941
2016-01-12,23.07,23.309999,21.85,23.15,1818600,22.617602
2016-01-11,23.25,23.620001,21.90,22.75,1836500,22.226801
2016-01-08,23.68,23.709999,23.33,23.43,763500,22.891163
2016-01-07,23.690001,23.969999,23.360001,23.469999,656800,22.930242
2016-01-06,24.58,24.73,23.969999,24.17,1258200,23.614145
2016-01-05,24.870001,25.49,24.200001,24.940001,1295100,24.366437
2016-01-04,25.219999,25.459999,24.57,24.950001,1167000,24.376207
2015-12-31,25.24,26.040001,25.24,25.629999,775100,25.040567
2015-12-30,25.77,26.049999,25.17,25.440001,1250900,24.854938
2015-12-29,25.959999,26.200001,25.66,25.879999,1261700,25.284818
2015-12-28,26.299999,27.280001,25.91,25.969999,913700,25.372748
2015-12-24,26.40,26.700001,26.299999,26.40,295000,25.792859
2015-12-23,26.40,27.02,26.34,26.469999,751500,25.861249
2015-12-22,27.15,27.15,26.17,26.299999,1228500,25.695159
2015-12-21,27.24,27.379999,26.690001,26.98,648000,26.359521
2015-12-18,27.540001,27.60,26.639999,26.809999,2166000,26.19343
2015-12-17,28.049999,28.059999,27.530001,27.549999,500600,26.916412
2015-12-16,27.34,28.040001,27.32,27.860001,1320400,27.219284
2015-12-15,26.940001,27.42,26.780001,27.32,797400,26.691702
2015-12-14,27.00,27.34,26.459999,26.60,789800,25.988261
2015-12-11,27.540001,28.139999,26.57,26.709999,830100,26.09573
2015-12-10,28.34,28.48,27.709999,27.889999,809500,27.248593
2015-12-09,27.26,28.41,27.07,28.26,1418700,27.610084
2015-12-08,27.049999,27.700001,26.969999,27.41,2039500,26.779632
2015-12-07,26.459999,27.77,26.459999,27.309999,1592700,26.681931
2015-12-04,26.809999,27.280001,26.76,26.879999,1520000,26.26182
2015-12-03,27.370001,27.530001,26.35,26.67,1759900,26.05665
2015-12-02,27.809999,28.190001,27.34,27.41,1444900,26.779632
2015-12-01,27.93,28.07,26.959999,27.85,1711200,27.209513
2015-11-30,27.24,28.309999,26.92,27.780001,2220600,27.141124
2015-11-27,28.99,29.139999,28.74,28.940001,358300,28.274446
2015-11-25,28.73,29.469999,28.629999,28.92,912400,28.254906
2015-11-24,27.940001,28.549999,27.85,28.360001,1068600,27.707785
2015-11-23,27.049999,28.139999,27.049999,27.93,1326500,27.287674
2015-11-20,26.950001,27.85,26.870001,27.139999,1634600,26.515841
2015-11-19,27.07,27.50,26.57,26.82,1406800,26.2032
2015-11-18,26.690001,27.01,26.08,26.98,1689400,26.359521
2015-11-17,27.540001,27.540001,26.459999,26.50,2417900,25.89056
2015-11-16,28.00,28.17,26.75,27.57,2622900,26.935952
2015-11-13,29.08,29.190001,28.60,28.67,942900,28.010655
2015-11-12,30.08,30.450001,29.15,29.18,1131000,28.508926
2015-11-11,29.90,30.76,29.82,30.360001,1807000,29.661789
2015-11-10,28.389999,29.93,28.27,29.879999,1819200,29.192827
2015-11-09,28.18,28.629999,27.51,28.440001,1645500,27.785945
2015-11-06,27.77,29.190001,27.77,28.50,3657300,27.844564
2015-11-05,29.43,29.43,27.01,28.219999,4773900,27.571003
2015-11-04,29.360001,30.26,29.049999,29.950001,2324400,29.261219
2015-11-03,29.48,30.25,29.24,29.610001,1822200,28.929038
2015-11-02,29.00,30.10,28.90,29.66,2034900,28.977887
2015-10-30,29.00,29.18,28.639999,28.950001,1258600,28.284216
2015-10-29,28.65,29.18,28.50,28.940001,1108000,28.274446
2015-10-28,28.48,29.16,28.190001,28.719999,1318100,28.059504
2015-10-27,28.530001,28.709999,27.99,28.40,1157100,27.746864
2015-10-26,28.530001,28.969999,28.389999,28.58,1640400,27.922725
2015-10-23,28.25,28.83,28.25,28.59,1608700,27.932495
2015-10-22,28.15,28.57,27.91,28.08,2261500,27.434223
2015-10-21,28.92,29.34,27.41,28.049999,1955800,27.404913
2015-10-20,28.42,29.280001,28.42,28.92,1222200,28.254906
2015-10-19,28.379999,28.60,28.08,28.50,1181500,27.844564
2015-10-16,28.290001,28.870001,28.200001,28.51,1304500,27.854335
2015-10-15,27.700001,28.34,27.17,28.290001,1400200,27.639395
2015-10-14,28.360001,28.700001,27.639999,27.690001,1457600,27.053193
2015-10-13,28.49,29.01,28.280001,28.459999,1411100,27.805484
2015-10-12,28.030001,28.719999,27.32,28.559999,1099900,27.903184
2015-10-09,27.370001,28.120001,27.129999,27.950001,1118200,27.307214
2015-10-08,26.629999,27.440001,26.58,27.370001,1173600,26.740553
2015-10-07,26.91,27.030001,26.33,26.60,1685900,25.988261
2015-10-06,27.49,28.059999,27.17,27.24,1592100,26.613541
2015-10-05,27.059999,28.41,27.00,28.00,2246800,27.356063
2015-10-02,26.98,27.07,26.290001,26.889999,1639600,26.27159
2015-10-01,27.190001,27.530001,26.860001,27.459999,1603700,26.828481
2015-09-30,26.059999,27.110001,26.01,27.059999,1642000,26.437681
2015-09-29,24.969999,25.75,24.90,25.559999,1763600,24.972177
2015-09-28,26.76,26.969999,25.77,25.780001,1794200,24.942869
2015-09-25,26.969999,27.309999,26.82,26.870001,1628800,25.997475
2015-09-24,27.049999,27.25,26.49,26.91,2081900,26.036175
2015-09-23,27.27,27.629999,27.09,27.139999,1435400,26.258706
2015-09-22,27.65,27.77,27.02,27.190001,1764900,26.307083
2015-09-21,28.51,28.83,27.879999,27.91,1223100,27.003703
2015-09-18,28.91,28.91,28.18,28.309999,1615500,27.390713
2015-09-17,28.860001,29.639999,28.809999,29.219999,1306800,28.271164
2015-09-16,28.82,28.99,28.290001,28.799999,1308600,27.864802
2015-09-15,27.780001,28.92,27.75,28.75,1727800,27.816426
2015-09-14,28.52,28.66,27.540001,28.16,1869900,27.245585
2015-09-11,28.41,29.48,28.07,29.370001,1341900,28.416294
2015-09-10,28.84,28.959999,28.32,28.43,1917800,27.506818
2015-09-09,29.129999,29.709999,28.83,28.889999,1715600,27.951879
2015-09-08,29.219999,29.309999,28.469999,28.73,1891300,27.797075
2015-09-04,28.66,29.00,28.610001,28.790001,1111800,27.855128
2015-09-03,28.799999,29.379999,28.73,28.860001,1782500,27.922855
2015-09-02,28.59,29.030001,28.139999,28.690001,1933800,27.758375
2015-09-01,28.43,29.23,28.030001,28.35,2077200,27.429415
2015-08-31,29.90,30.610001,29.60,30.309999,1637100,29.325769
2015-08-28,28.99,30.16,28.889999,30.139999,1601800,29.161289
2015-08-27,28.440001,29.200001,28.27,28.91,1352500,27.97123
2015-08-26,28.049999,28.41,27.67,28.32,1673800,27.400389
2015-08-25,28.00,28.74,27.26,27.629999,2018400,26.732794
2015-08-24,27.309999,28.23,27.23,27.75,2026800,26.848898
2015-08-21,28.370001,28.639999,28.219999,28.299999,1652200,27.381038
2015-08-20,28.84,29.15,28.25,28.700001,1311400,27.768051
2015-08-19,29.25,29.639999,28.82,29.049999,1168400,28.106684
2015-08-18,29.389999,29.860001,29.24,29.290001,811300,28.338892
2015-08-17,29.52,29.530001,29.01,29.280001,881100,28.329217
2015-08-14,30.42,30.50,28.82,29.610001,1997400,28.648501
2015-08-13,28.809999,31.25,28.51,30.469999,2838700,29.480573
2015-08-12,29.549999,29.629999,28.23,28.719999,1772900,27.7874
2015-08-11,29.00,29.73,28.790001,29.66,2317200,28.696876
2015-08-10,28.60,29.24,28.469999,29.209999,1293000,28.261488
2015-08-07,27.889999,28.66,27.780001,28.60,1709300,27.671297
2015-08-06,28.41,28.41,27.66,27.98,1298400,27.071429
2015-08-05,27.41,28.379999,27.41,28.32,1287200,27.400389
2015-08-04,26.93,27.74,26.639999,27.49,1190500,26.597341
2015-08-03,26.719999,27.01,26.540001,26.83,1065500,25.958773
2015-07-31,27.200001,27.219999,26.59,26.73,1050900,25.862019
2015-07-30,26.67,27.030001,26.33,26.91,1288000,26.036175
2015-07-29,26.620001,26.90,26.530001,26.84,1253400,25.968448
2015-07-28,26.51,26.83,26.43,26.59,803700,25.726566
2015-07-27,26.59,26.799999,26.440001,26.51,914600,25.649164
2015-07-24,27.33,27.360001,26.629999,26.700001,1382100,25.832995
2015-07-23,27.040001,27.65,27.040001,27.209999,1571200,26.326432
2015-07-22,27.059999,27.549999,26.98,27.309999,1382400,26.423186
2015-07-21,27.65,27.709999,26.98,27.02,1548000,26.142603
2015-07-20,27.450001,27.99,27.34,27.60,1049000,26.703769
2015-07-17,27.57,27.74,27.370001,27.48,861600,26.587665
2015-07-16,27.99,28.07,27.51,27.60,1842500,26.703769
2015-07-15,27.870001,28.15,27.75,27.90,1715600,26.994027
2015-07-14,28.24,28.530001,27.719999,27.870001,2726300,26.965002
2015-07-13,28.98,29.09,27.709999,27.969999,4221700,27.061754
2015-07-10,29.67,29.879999,28.540001,28.690001,3110900,27.758375
2015-07-09,32.00,32.060001,28.26,30.040001,7428500,29.064538
2015-07-08,32.060001,32.310001,31.49,31.52,646900,30.496479
2015-07-07,32.32,32.32,31.76,32.139999,974100,31.096345
2015-07-06,32.18,32.59,31.940001,32.23,936500,31.183423
2015-07-02,32.669998,32.669998,32.099998,32.360001,883400,31.309202
2015-07-01,32.040001,32.720001,31.889999,32.68,1189300,31.618811
2015-06-30,32.529999,32.619999,31.92,31.969999,1898600,30.931865
2015-06-29,32.189999,32.439999,32.00,32.220001,1133400,31.173749
2015-06-26,32.259998,32.549999,32.119999,32.450001,1880600,31.39628
2015-06-25,32.040001,32.209999,31.610001,32.130001,1509700,31.086671
2015-06-24,31.83,32.080002,31.48,31.950001,1616800,30.912516
2015-06-23,30.809999,31.959999,30.639999,31.799999,3270700,30.767385
2015-06-22,31.75,31.879999,31.23,31.440001,2302600,30.419077
2015-06-19,30.91,31.950001,30.799999,31.66,3426800,30.631932
2015-06-18,31.299999,31.74,30.809999,30.91,1875800,29.906286
2015-06-17,30.73,31.290001,30.139999,31.219999,3769400,30.206219
2015-06-16,30.059999,31.290001,29.370001,31.08,10764400,30.070766
2015-06-15,26.17,26.299999,25.889999,26.049999,1412100,25.2041
2015-06-12,25.959999,26.299999,25.860001,26.27,1308600,25.416957
2015-06-11,26.219999,26.25,25.870001,25.92,639700,25.078322
2015-06-10,25.84,26.379999,25.75,26.190001,998500,25.339555
2015-06-09,25.469999,25.799999,25.469999,25.74,842000,24.904167
2015-06-08,25.75,25.91,25.450001,25.51,1054900,24.681636
2015-06-05,25.58,25.809999,25.309999,25.809999,567200,24.971894
2015-06-04,25.559999,25.889999,25.440001,25.65,1019400,24.817089
2015-06-03,25.49,25.700001,25.290001,25.68,877100,24.846116
2015-06-02,25.120001,25.790001,25.01,25.459999,2196800,24.633259
2015-06-01,25.42,25.50,24.690001,25.219999,1087200,24.401052
2015-05-29,25.09,25.24,24.879999,24.93,787700,24.12047
2015-05-28,24.809999,25.17,24.74,25.139999,841800,24.32365
2015-05-27,24.66,24.99,24.50,24.870001,859700,24.062419
2015-05-26,24.389999,24.58,24.139999,24.559999,1339400,23.762484
2015-05-22,24.299999,24.99,24.08,24.290001,769000,23.501253
2015-05-21,24.389999,24.51,24.200001,24.370001,537000,23.578655
2015-05-20,24.559999,24.67,24.219999,24.450001,732000,23.656057
2015-05-19,24.18,24.60,24.059999,24.59,1197500,23.79151
2015-05-18,23.719999,24.10,23.540001,24.07,1104500,23.288395
2015-05-15,24.00,24.059999,23.700001,23.709999,534600,22.940085
2015-05-14,23.60,24.549999,23.27,23.940001,2389400,23.162618
2015-05-13,23.59,23.76,23.41,23.530001,1016500,22.765931
2015-05-12,23.620001,23.790001,23.41,23.60,1522300,22.833658
2015-05-11,23.950001,24.049999,23.389999,23.690001,2008100,22.920736
2015-05-08,25.00,25.129999,23.790001,23.870001,2758300,23.094891
2015-05-07,24.780001,25.639999,24.67,24.68,2914700,23.878588
2015-05-06,24.75,24.790001,23.98,24.219999,1221900,23.433524
2015-05-05,24.790001,24.83,24.50,24.65,873900,23.849562
2015-05-04,24.65,24.799999,24.49,24.75,594000,23.946315
2015-05-01,24.01,24.540001,23.99,24.530001,388200,23.733459
2015-04-30,24.25,24.25,23.780001,23.91,1008800,23.133591
2015-04-29,24.459999,24.52,24.209999,24.280001,543400,23.491577
2015-04-28,24.709999,24.76,24.440001,24.50,518700,23.704433
2015-04-27,24.879999,25.00,24.559999,24.75,576600,23.946315
2015-04-24,25.120001,25.190001,24.76,24.780001,580800,23.975341
2015-04-23,24.90,25.18,24.83,25.00,862100,24.188197
2015-04-22,25.24,25.24,24.90,24.959999,619700,24.149495
2015-04-21,25.34,25.450001,25.08,25.16,1060900,24.343001
2015-04-20,25.25,25.76,25.16,25.200001,1384000,24.381703
2015-04-17,24.92,25.120001,24.799999,25.07,865900,24.255923
2015-04-16,25.01,25.49,24.809999,25.059999,760600,24.246248
2015-04-15,24.76,25.129999,24.59,24.969999,1131100,24.15917
2015-04-14,23.469999,24.780001,23.43,24.780001,1165000,23.975341
2015-04-13,23.370001,23.65,23.290001,23.52,791100,22.756256
2015-04-10,23.58,23.66,23.27,23.33,561700,22.572425
2015-04-09,23.639999,23.709999,23.290001,23.50,596100,22.736905
2015-04-08,23.700001,23.82,23.26,23.639999,1045300,22.872358
2015-04-07,24.15,24.15,23.620001,23.629999,587700,22.862683
2015-04-06,23.540001,24.129999,23.530001,24.01,981700,23.230344
2015-04-02,23.75,23.99,23.27,23.77,1223200,22.998138
2015-04-01,24.290001,24.370001,23.950001,24.209999,830200,23.423849
2015-03-31,24.02,24.379999,24.00,24.27,445000,23.481902
2015-03-30,24.360001,24.57,24.10,24.18,830300,23.394824
2015-03-27,23.93,24.459999,23.809999,24.32,1189400,23.530277
2015-03-26,23.860001,24.00,23.389999,23.959999,1761200,23.181967
2015-03-25,24.559999,24.639999,24.32,24.370001,931600,23.578655
2015-03-24,24.370001,24.709999,24.360001,24.48,843900,23.685082
2015-03-23,23.639999,24.50,23.57,24.42,1018600,23.627031
2015-03-20,23.110001,23.68,23.09,23.639999,1055700,22.872358
2015-03-19,23.25,23.32,22.950001,23.129999,639000,22.378919
2015-03-18,23.02,23.52,22.860001,23.24,1023400,22.485347
2015-03-17,22.25,22.969999,22.25,22.959999,989400,22.214439
2015-03-16,22.280001,22.43,22.10,22.389999,1054500,21.662948
2015-03-13,22.389999,22.389999,22.02,22.280001,610200,21.556522
2015-03-12,22.18,22.51,22.09,22.48,714300,21.750026
2015-03-11,22.18,22.209999,21.700001,22.02,848200,21.304964
2015-03-10,22.969999,22.969999,22.18,22.18,1083800,21.459768
2015-03-09,22.59,23.209999,22.59,23.16,711900,22.407945
2015-03-06,23.049999,23.18,22.43,22.549999,631300,21.817753
2015-03-05,22.90,23.15,22.76,23.059999,976900,22.311192
2015-03-04,22.719999,22.969999,22.639999,22.690001,796800,21.953208
2015-03-03,23.07,23.07,22.67,22.74,850800,22.001583
2015-03-02,22.639999,23.120001,22.459999,23.040001,1039200,22.291843
2015-02-27,22.200001,22.639999,22.110001,22.60,559900,21.86613
2015-02-26,22.35,22.52,22.040001,22.18,411300,21.459768
2015-02-25,22.290001,22.450001,22.26,22.41,276500,21.682299
2015-02-24,22.50,22.60,22.24,22.309999,618500,21.585546
2015-02-23,22.290001,22.540001,22.200001,22.450001,957300,21.721001
2015-02-20,22.10,22.290001,21.99,22.23,559300,21.508144
2015-02-19,22.33,22.41,22.049999,22.08,411400,21.363015
2015-02-18,22.35,22.41,22.24,22.299999,410000,21.575871
2015-02-17,22.129999,22.450001,22.059999,22.290001,870400,21.566197
2015-02-13,22.00,22.299999,21.959999,22.030001,887400,21.31464
2015-02-12,21.92,22.34,21.92,22.030001,877700,21.31464
2015-02-11,21.959999,22.049999,21.879999,21.950001,993000,21.237237
2015-02-10,22.18,22.25,21.93,21.940001,2384500,21.227562
2015-02-09,21.91,22.43,21.85,22.15,2765700,21.430742
2015-02-06,21.559999,22.00,21.43,21.879999,3229300,21.169509
2015-02-05,19.48,21.40,19.02,21.24,4452800,20.550292
2015-02-04,19.59,19.75,18.92,18.93,1959100,18.315303
2015-02-03,19.15,19.60,19.15,19.60,1075100,18.963547
2015-02-02,19.02,19.209999,18.85,19.209999,1487000,18.586209
2015-01-30,19.18,19.379999,18.940001,19.02,1793500,18.40238
2015-01-29,18.75,19.379999,18.75,19.32,1443800,18.692638
2015-01-28,18.639999,19.07,18.52,18.719999,991000,18.112121
2015-01-27,19.139999,19.309999,19.049999,19.10,1120300,18.479783
2015-01-26,18.969999,19.530001,18.950001,19.35,1083700,18.721665
2015-01-23,19.08,19.209999,18.870001,18.950001,697800,18.334654
2015-01-22,19.25,19.33,18.860001,19.129999,1001700,18.508807
2015-01-21,18.719999,18.99,18.610001,18.780001,649200,18.170174
2015-01-20,18.67,18.809999,18.33,18.719999,973200,18.112121
2015-01-16,18.950001,19.059999,18.540001,18.709999,1002300,18.102445
2015-01-15,18.91,19.139999,18.809999,18.93,807300,18.315303
2015-01-14,18.790001,18.98,18.58,18.91,1087900,18.295952
2015-01-13,19.440001,19.549999,18.74,19.02,1896900,18.40238
2015-01-12,19.889999,19.940001,19.120001,19.32,1250300,18.692638
2015-01-09,20.459999,20.50,19.76,19.860001,1098100,19.215104
2015-01-08,20.33,20.66,20.18,20.459999,679200,19.795619
2015-01-07,20.27,20.469999,20.15,20.290001,1191300,19.631141
2015-01-06,20.40,20.459999,20.10,20.219999,1878300,19.563413
2015-01-05,20.40,20.66,20.27,20.370001,735600,19.708543
2015-01-02,20.76,21.059999,20.360001,20.43,686000,19.766595
2014-12-31,20.889999,20.99,20.66,20.66,373900,19.989126
2014-12-30,20.84,21.00,20.809999,20.84,482400,20.163281
2014-12-29,20.860001,20.98,20.49,20.879999,504100,20.201981
2014-12-26,20.75,20.969999,20.73,20.879999,480500,20.201981
2014-12-24,20.290001,20.780001,20.290001,20.67,480900,19.998801
2014-12-23,20.08,20.41,20.08,20.27,649200,19.61179
2014-12-22,20.040001,20.209999,19.950001,20.059999,562400,19.408608
2014-12-19,20.110001,20.26,19.83,20.049999,1214400,19.398933
2014-12-18,19.780001,20.059999,19.73,20.040001,1425800,19.389259
2014-12-17,19.10,19.719999,19.10,19.639999,1162700,19.002247
2014-12-16,19.33,19.540001,19.10,19.110001,1741500,18.489458
2014-12-15,19.98,20.00,19.450001,19.459999,1782800,18.828091
2014-12-12,19.99,20.139999,19.719999,19.76,1226300,19.118351
2014-12-11,20.01,20.26,19.959999,20.07,644800,19.418284
2014-12-10,20.01,20.15,19.860001,19.92,1037700,19.273155
2014-12-09,19.84,20.15,19.84,19.99,639200,19.340882
2014-12-08,20.17,20.26,19.950001,19.959999,1539500,19.311855
2014-12-05,20.00,20.290001,19.99,20.200001,1026900,19.544064
2014-12-04,20.040001,20.16,19.780001,19.950001,2164800,19.302182
2014-12-03,20.07,20.209999,19.93,20.00,2143000,19.350557
2014-12-02,20.290001,20.41,19.99,20.09,1117200,19.437635
2014-12-01,20.27,20.389999,19.92,20.23,1017200,19.573088
2014-11-28,20.00,20.42,19.889999,20.24,758100,19.582764
2014-11-26,20.10,20.32,19.969999,19.99,590500,19.340882
2014-11-25,19.870001,20.15,19.870001,20.139999,1197500,19.486011
2014-11-24,19.870001,19.950001,19.65,19.84,1016300,19.195753
2014-11-21,19.889999,20.00,19.709999,19.889999,1103400,19.244129
2014-11-20,19.309999,20.00,19.309999,19.75,1432900,19.108675
2014-11-19,19.440001,19.60,19.200001,19.440001,1555000,18.808742
2014-11-18,19.00,19.379999,18.969999,19.129999,985800,18.508807
2014-11-17,19.15,19.370001,18.959999,18.98,933100,18.363678
2014-11-14,19.40,19.559999,19.01,19.15,1056500,18.528158
2014-11-13,19.370001,19.60,19.33,19.450001,1261500,18.818418
2014-11-12,18.66,19.40,18.60,19.35,1310400,18.721665
2014-11-11,18.799999,19.07,18.57,18.700001,1184600,18.092772
2014-11-10,18.50,18.98,18.450001,18.82,1915800,18.208874
2014-11-07,17.43,18.50,17.43,18.360001,1985700,17.763812
2014-11-06,17.16,18.00,16.950001,17.93,1452700,17.347775
2014-11-05,16.870001,17.40,16.709999,17.23,1840500,16.670505
2014-11-04,17.120001,17.24,16.50,16.799999,1491700,16.254467
2014-11-03,16.620001,17.34,16.620001,17.110001,1626500,16.554402
2014-10-31,16.709999,16.74,16.450001,16.60,1827300,16.060963
2014-10-30,16.34,16.34,16.030001,16.219999,693500,15.693301
2014-10-29,16.549999,16.700001,16.120001,16.309999,1183100,15.780379
2014-10-28,16.50,16.67,16.50,16.59,326100,16.051287
2014-10-27,16.290001,16.59,16.190001,16.51,489900,15.973885
2014-10-24,16.389999,16.50,16.23,16.32,407400,15.790054
2014-10-23,16.709999,16.790001,16.379999,16.40,506700,15.867457
2014-10-22,16.59,16.799999,16.559999,16.59,350400,16.051287
2014-10-21,16.43,16.91,16.370001,16.610001,630400,16.070638
2014-10-20,16.389999,16.530001,16.16,16.41,1000100,15.877132
2014-10-17,16.60,16.74,16.34,16.42,462700,15.886808
2014-10-16,16.26,16.77,16.23,16.549999,734800,16.012585
2014-10-15,16.219999,16.42,15.92,16.370001,757700,15.838432
2014-10-14,16.24,16.60,16.200001,16.41,781000,15.877132
2014-10-13,16.200001,16.51,16.10,16.209999,864900,15.683626
2014-10-10,16.25,16.35,16.129999,16.26,691900,15.732003
2014-10-09,16.370001,16.639999,16.200001,16.25,541500,15.722328
2014-10-08,16.629999,16.780001,16.26,16.42,980300,15.886808
2014-10-07,15.88,16.50,15.77,16.299999,1224500,15.770703
2014-10-06,16.049999,16.09,15.74,15.94,950500,15.422394
2014-10-03,16.040001,16.23,15.88,15.96,1475700,15.441745
2014-10-02,16.33,16.41,15.99,16.040001,1476100,15.519148
2014-10-01,16.49,16.540001,16.129999,16.370001,1213900,15.838432
2014-09-30,16.690001,16.790001,16.49,16.549999,1302100,16.012585
2014-09-29,16.559999,16.91,16.389999,16.74,1106900,16.196416
2014-09-26,16.950001,17.190001,16.84,17.120001,822000,16.370572
2014-09-25,17.290001,17.299999,16.91,17.00,528300,16.255825
2014-09-24,17.26,17.459999,17.049999,17.34,569000,16.580941
2014-09-23,17.27,17.40,17.129999,17.280001,694900,16.523568
2014-09-22,17.51,17.60,17.25,17.33,654000,16.571379
2014-09-19,16.940001,17.57,16.82,17.48,1713400,16.714812
2014-09-18,17.67,17.73,17.48,17.700001,463000,16.925183
2014-09-17,17.219999,17.59,17.17,17.540001,765800,16.772187
2014-09-16,17.43,17.440001,17.200001,17.23,629700,16.475756
2014-09-15,17.43,17.52,17.360001,17.379999,805400,16.619189
2014-09-12,17.51,17.690001,17.379999,17.559999,866300,16.79131
2014-09-11,17.26,17.559999,17.120001,17.559999,886300,16.79131
2014-09-10,17.18,17.370001,17.059999,17.32,754500,16.561816
2014-09-09,17.16,17.33,17.09,17.15,924800,16.399258
2014-09-08,16.809999,17.360001,16.68,17.26,1047700,16.504443
2014-09-05,17.17,17.35,17.00,17.299999,674100,16.542691
2014-09-04,17.27,17.290001,17.10,17.190001,326600,16.437508
2014-09-03,17.25,17.379999,17.18,17.219999,512600,16.466193
2014-09-02,17.190001,17.360001,17.00,17.219999,2161400,16.466193
2014-08-29,17.24,17.43,16.870001,17.190001,1106300,16.437508
2014-08-28,17.07,17.75,17.040001,17.389999,1479900,16.628752
2014-08-27,17.98,18.18,17.879999,18.01,627600,17.221612
2014-08-26,18.18,18.24,17.969999,18.02,536300,17.231175
2014-08-25,18.360001,18.469999,18.049999,18.23,448100,17.431981
2014-08-22,18.09,18.450001,17.91,18.35,755600,17.546729
2014-08-21,17.969999,18.17,17.83,18.09,604000,17.29811
2014-08-20,18.00,18.16,17.780001,17.959999,350800,17.1738
2014-08-19,17.84,18.25,17.84,18.01,423800,17.221612
2014-08-18,17.82,17.969999,17.719999,17.92,399800,17.135552
2014-08-15,17.610001,17.85,17.60,17.85,377800,17.068616
2014-08-14,17.58,17.870001,17.48,17.620001,474600,16.848685
2014-08-13,17.58,17.709999,17.48,17.559999,205900,16.79131
2014-08-12,17.59,17.68,17.459999,17.57,334500,16.800873
2014-08-11,17.360001,17.68,17.309999,17.620001,388800,16.848685
2014-08-08,17.02,17.360001,16.93,17.33,484400,16.571379
2014-08-07,17.43,17.49,17.00,17.049999,637800,16.303635
2014-08-06,17.27,17.50,17.27,17.440001,336600,16.676564
2014-08-05,17.190001,17.360001,17.09,17.309999,422400,16.552254
2014-08-04,17.02,17.299999,16.93,17.209999,341200,16.456631
2014-08-01,17.10,17.23,16.75,16.98,485500,16.2367
2014-07-31,16.93,17.219999,16.860001,17.110001,628600,16.36101
2014-07-30,17.059999,17.139999,16.940001,17.01,306200,16.265387
2014-07-29,17.00,17.049999,16.940001,17.00,666500,16.255825
2014-07-28,17.16,17.16,16.98,17.00,386100,16.255825
2014-07-25,17.120001,17.190001,17.00,17.129999,209900,16.380133
2014-07-24,17.309999,17.32,17.00,17.110001,200000,16.36101
2014-07-23,17.35,17.43,17.15,17.280001,229300,16.523568
2014-07-22,17.23,17.32,16.950001,17.309999,484500,16.552254
2014-07-21,17.27,17.27,16.98,17.18,339700,16.427945
2014-07-18,17.35,17.43,17.190001,17.32,327800,16.561816
2014-07-17,17.360001,17.48,17.110001,17.309999,303500,16.552254
2014-07-16,17.629999,17.75,17.389999,17.389999,324000,16.628752
2014-07-15,17.209999,17.540001,17.209999,17.52,481300,16.753062
2014-07-14,17.58,17.58,17.17,17.190001,1665500,16.437508
2014-07-11,17.82,17.82,17.469999,17.49,464200,16.724375
2014-07-10,17.83,17.93,17.66,17.82,1545200,17.039929
2014-07-09,17.889999,17.93,17.559999,17.92,1060400,17.135552
2014-07-08,17.950001,18.10,17.809999,17.959999,972600,17.1738
2014-07-07,18.059999,18.059999,17.860001,18.00,426200,17.21205
2014-07-03,17.790001,18.15,17.690001,18.15,857500,17.355483
2014-07-02,17.49,17.940001,17.469999,17.799999,900700,17.020804
2014-07-01,17.24,17.530001,17.219999,17.49,1108100,16.724375
2014-06-30,16.93,17.18,16.76,17.129999,753600,16.380133
2014-06-27,16.780001,16.889999,16.51,16.84,1159200,16.102829
2014-06-26,16.799999,16.91,16.629999,16.82,399300,16.083704
2014-06-25,17.02,17.02,16.67,16.809999,537300,16.074141
2014-06-24,17.02,17.08,16.67,16.75,707400,16.016768
2014-06-23,16.610001,17.02,16.610001,16.959999,845000,16.217575
2014-06-20,17.299999,17.309999,16.91,16.93,963200,16.188889
2014-06-19,17.219999,17.379999,17.120001,17.370001,436800,16.609629
2014-06-18,17.049999,17.15,16.969999,17.120001,345400,16.370572
2014-06-17,16.950001,17.059999,16.860001,17.059999,674500,16.313198
2014-06-16,17.18,17.18,16.92,16.969999,674600,16.227137
2014-06-13,17.059999,17.290001,16.889999,17.110001,909900,16.36101
2014-06-12,17.17,17.299999,16.99,17.110001,634000,16.36101
2014-06-11,16.57,17.360001,16.559999,17.219999,821300,16.466193
2014-06-10,17.860001,17.90,17.290001,17.440001,939100,16.676564
2014-06-09,18.530001,18.950001,17.60,17.799999,1417100,17.020804
2014-06-06,17.00,17.92,17.00,17.85,1408200,17.068616
2014-06-05,16.98,16.98,16.66,16.889999,622900,16.150639
2014-06-04,16.75,16.92,16.700001,16.92,576100,16.179327
2014-06-03,16.77,16.950001,16.559999,16.91,1108100,16.169764
2014-06-02,16.629999,16.75,16.52,16.610001,302100,15.882897
2014-05-30,16.42,16.709999,16.40,16.68,507700,15.949833
2014-05-29,16.57,16.620001,16.49,16.51,382100,15.787275
2014-05-28,16.58,16.65,16.49,16.540001,468000,15.815962
2014-05-27,16.35,16.610001,16.280001,16.58,718800,15.85421
2014-05-23,16.290001,16.440001,16.280001,16.379999,420500,15.662964
2014-05-22,16.200001,16.48,16.10,16.43,745600,15.710777
2014-05-21,16.25,16.299999,16.07,16.17,530500,15.462158
2014-05-20,16.120001,16.23,16.059999,16.200001,519200,15.490845
2014-05-19,16.00,16.209999,15.90,16.200001,744600,15.490845
2014-05-16,15.94,16.129999,15.76,16.08,1945800,15.376098
2014-05-15,16.09,16.23,15.78,15.97,1220800,15.270913
2014-05-14,16.43,16.50,15.75,15.77,2258200,15.079668
2014-05-13,15.59,15.59,15.23,15.44,2401400,14.764113
2014-05-12,15.78,16.030001,15.77,15.84,1546200,15.146604
2014-05-09,15.78,15.95,15.69,15.71,662700,15.022294
2014-05-08,15.82,16.07,15.64,15.75,668000,15.060543
2014-05-07,15.82,15.94,15.69,15.88,525600,15.184853
2014-05-06,16.00,16.00,15.78,15.83,398200,15.137041
2014-05-05,16.35,16.35,16.01,16.15,403100,15.443033
2014-05-02,16.07,16.389999,15.99,16.360001,455000,15.643841
2014-05-01,15.99,16.18,15.82,16.040001,752500,15.33785
2014-04-30,15.92,16.059999,15.85,16.049999,896200,15.34741
2014-04-29,15.92,16.16,15.89,15.89,684400,15.194415
2014-04-28,15.64,16.110001,15.61,15.92,1241800,15.223102
2014-04-25,15.50,15.70,15.49,15.63,765300,14.945797
2014-04-24,15.78,15.80,15.58,15.63,435300,14.945797
2014-04-23,15.71,15.83,15.61,15.76,732000,15.070106
2014-04-22,15.65,15.76,15.57,15.65,546700,14.964921
2014-04-21,15.72,15.79,15.58,15.66,301200,14.974483
2014-04-17,15.78,15.81,15.51,15.75,429400,15.060543
2014-04-16,15.72,15.78,15.54,15.75,822300,15.060543
2014-04-15,15.74,15.78,15.50,15.61,1233800,14.926672
2014-04-14,15.49,15.74,15.39,15.59,968800,14.907548
2014-04-11,15.51,15.58,15.16,15.38,740200,14.70674
2014-04-10,15.35,15.68,15.25,15.53,594100,14.850174
2014-04-09,15.23,15.35,15.23,15.32,515500,14.649366
2014-04-08,15.24,15.38,15.20,15.27,954100,14.601556
2014-04-07,15.15,15.24,15.14,15.19,1052900,14.525057
2014-04-04,15.14,15.24,15.10,15.21,1867500,14.544182
2014-04-03,15.06,15.23,14.99,15.11,1751200,14.448559
2014-04-02,15.01,15.09,14.85,15.00,1917300,14.343375
2014-04-01,14.98,15.16,14.87,15.00,1405900,14.343375
2014-03-31,15.02,15.02,14.86,14.98,1327300,14.32425
2014-03-28,14.95,15.05,14.89,14.99,693900,14.333812
2014-03-27,14.84,15.01,14.77,14.93,540800,14.276439
2014-03-26,15.00,15.07,14.80,14.90,904000,14.247752
2014-03-25,15.10,15.20,14.89,15.03,747500,14.372061
2014-03-24,15.01,15.24,14.99,15.09,606200,14.429435
2014-03-21,15.04,15.24,15.00,15.17,1229000,14.505933
2014-03-20,15.00,15.10,14.90,15.04,652500,14.381624
2014-03-19,15.16,15.27,14.97,15.06,1350100,14.400749
2014-03-18,15.14,15.26,15.08,15.21,1105200,14.544182
2014-03-17,15.01,15.24,14.89,15.16,758300,14.496371
2014-03-14,14.90,15.25,14.73,14.92,2607500,14.266877
2014-03-13,15.52,15.59,15.07,15.23,771400,14.563306
2014-03-12,15.20,15.68,15.12,15.45,1567500,14.773676
2014-03-11,15.78,15.80,15.11,15.21,1291900,14.544182
2014-03-10,15.60,15.92,15.30,15.85,1266200,15.156166
2014-03-07,15.00,15.80,14.98,15.62,2312200,14.936234
2014-03-06,15.00,15.19,14.94,15.08,849000,14.419873
2014-03-05,15.10,15.27,14.88,15.01,722700,14.352937
2014-03-04,14.98,15.26,14.96,15.07,621500,14.41031
2014-03-03,14.80,15.12,14.76,14.91,644300,14.257314
2014-02-28,14.71,15.00,14.62,14.85,772100,14.199941
2014-02-27,14.73,15.25,14.60,14.71,962000,14.066069
2014-02-26,14.81,15.48,14.74,14.80,4069400,14.15213
2014-02-25,14.76,15.04,14.73,14.83,1135000,14.180816
2014-02-24,14.50,14.95,14.49,14.69,999800,14.046945
2014-02-21,14.54,14.80,14.39,14.47,618300,13.836576
2014-02-20,14.47,14.89,14.23,14.55,1206900,13.913074
2014-02-19,14.10,14.28,13.98,14.11,643600,13.492334
2014-02-18,14.74,14.83,14.10,14.19,1338300,13.568832
2014-02-14,14.03,15.50,14.03,14.74,2969600,14.094756
2014-02-13,13.41,13.77,13.31,13.72,665300,13.119407
2014-02-12,13.24,13.50,13.12,13.42,557400,12.832539
2014-02-11,13.28,13.31,13.16,13.25,620000,12.669981
2014-02-10,13.21,13.36,13.15,13.25,478100,12.669981
2014-02-07,13.53,13.63,13.19,13.25,539300,12.669981
2014-02-06,13.72,13.77,13.32,13.51,849800,12.9186
2014-02-05,13.44,13.44,12.83,13.36,1112100,12.775165
2014-02-04,14.30,14.44,12.96,13.42,1906900,12.832539
2014-02-03,13.45,13.83,13.13,13.29,1217800,12.70823
2014-01-31,13.42,13.67,13.35,13.49,803300,12.899475
2014-01-30,13.41,13.74,13.38,13.50,628600,12.909037
2014-01-29,13.71,13.79,13.40,13.41,1053000,12.822977
2014-01-28,13.77,14.01,13.59,13.89,1122900,13.281965
2014-01-27,13.85,14.36,13.48,13.58,1417200,12.985535
2014-01-24,14.43,14.49,13.60,13.91,1269800,13.301089
2014-01-23,14.20,14.53,13.67,14.47,1579000,13.836576
2014-01-22,14.24,14.47,14.02,14.42,1114700,13.788764
2014-01-21,14.67,14.74,14.28,14.41,1237500,13.779202
2014-01-17,14.92,14.97,14.60,14.71,1497800,14.066069
2014-01-16,15.22,15.56,15.13,15.43,672700,14.754552
2014-01-15,15.07,15.35,15.01,15.30,435000,14.630242
2014-01-14,15.10,15.23,15.00,15.14,353900,14.477246
2014-01-13,15.07,15.23,14.97,15.03,457400,14.372061
2014-01-10,15.17,15.20,14.98,15.16,259400,14.496371
2014-01-09,15.18,15.30,14.99,15.16,573100,14.496371
2014-01-08,15.11,15.25,14.86,15.10,694500,14.438998
2014-01-07,15.06,15.34,14.94,15.19,498700,14.525057
2014-01-06,15.68,15.69,15.05,15.20,839300,14.534619
2014-01-03,15.54,15.78,15.51,15.58,465100,14.897985
2014-01-02,15.27,15.62,15.16,15.57,783800,14.888423
2013-12-31,15.42,15.59,15.25,15.25,481800,14.582431
2013-12-30,15.42,15.51,15.13,15.41,568900,14.735427
2013-12-27,15.20,15.57,15.10,15.49,1029000,14.811925
2013-12-26,15.08,15.21,14.97,14.99,280100,14.333812
2013-12-24,14.99,15.25,14.97,15.02,307400,14.3625
2013-12-23,15.21,15.24,14.80,15.06,1639100,14.400749
2013-12-20,15.15,15.24,14.95,15.11,725700,14.448559
2013-12-19,15.05,15.20,15.00,15.18,366500,14.515495
2013-12-18,15.05,15.16,14.99,15.09,425900,14.429435
2013-12-17,15.14,15.27,15.04,15.06,419700,14.400749
2013-12-16,15.30,15.37,15.01,15.17,1235700,14.505933
2013-12-13,15.15,15.26,14.81,15.25,1607400,14.582431
2013-12-12,15.47,15.65,15.46,15.63,342600,14.945797
2013-12-11,15.50,15.73,15.42,15.55,652000,14.869299
2013-12-10,15.66,15.70,15.38,15.53,659300,14.850174
2013-12-09,15.60,15.73,15.33,15.69,576700,15.00317
2013-12-06,16.110001,16.110001,15.39,15.57,842200,14.888423
2013-12-05,16.00,16.110001,16.00,16.049999,211100,15.34741
2013-12-04,16.209999,16.209999,15.84,16.059999,312100,15.356973
2013-12-03,16.040001,16.370001,15.88,16.200001,672200,15.490845
2013-12-02,16.379999,16.48,16.049999,16.120001,516700,15.414347
2013-11-29,16.209999,16.68,16.200001,16.42,459800,15.701214
2013-11-27,16.24,16.629999,16.23,16.52,420500,15.796837
2013-11-26,16.25,16.389999,16.10,16.190001,463400,15.481283
2013-11-25,16.110001,16.25,16.059999,16.190001,312700,15.481283
2013-11-22,15.95,16.120001,15.79,16.09,510200,15.38566
2013-11-21,15.45,16.129999,15.41,15.90,654300,15.203977
2013-11-20,15.65,15.88,15.30,15.41,763300,14.735427
2013-11-19,15.41,15.66,15.41,15.54,463500,14.859736
2013-11-18,15.71,15.84,15.44,15.49,1511600,14.811925
2013-11-15,15.50,15.98,15.36,15.73,2026200,15.041418
2013-11-14,15.47,15.65,15.26,15.63,629700,14.945797
2013-11-13,15.21,15.48,15.06,15.44,665200,14.764113
2013-11-12,15.26,15.28,15.00,15.26,582000,14.591993
2013-11-11,15.03,15.26,14.95,15.22,575000,14.553744
2013-11-08,15.06,15.22,14.81,14.99,1731400,14.333812
2013-11-07,15.37,16.200001,14.63,15.11,2337300,14.448559
2013-11-06,15.38,15.48,15.21,15.40,1167500,14.725864
2013-11-05,15.35,15.44,15.04,15.28,746300,14.611117
2013-11-04,15.49,15.69,15.24,15.41,926500,14.735427
2013-11-01,15.35,15.56,15.15,15.51,509200,14.83105
2013-10-31,15.75,15.88,15.13,15.38,994600,14.70674
2013-10-30,15.80,15.92,15.68,15.75,776400,15.060543
2013-10-29,15.84,15.96,15.67,15.72,646400,15.031857
2013-10-28,15.90,16.00,15.52,15.85,1631100,15.156166
2013-10-25,15.90,16.00,15.65,15.95,889700,15.251788
2013-10-24,16.07,16.24,15.63,15.96,735700,15.261351
2013-10-23,16.110001,16.26,15.98,16.110001,320100,15.404785
2013-10-22,16.290001,16.530001,16.059999,16.09,644400,15.38566
2013-10-21,16.32,16.50,16.15,16.309999,520500,15.596029
2013-10-18,16.290001,16.41,16.110001,16.290001,593000,15.576906
2013-10-17,16.139999,16.200001,16.00,16.15,326400,15.443033
2013-10-16,16.00,16.27,15.97,16.16,829700,15.452595
2013-10-15,16.17,16.389999,15.93,16.00,1126900,15.2996
2013-10-14,16.309999,16.52,16.139999,16.299999,543200,15.586466
2013-10-11,16.030001,16.450001,16.030001,16.360001,2727100,15.643841
2013-10-10,15.89,16.15,15.86,15.99,835400,15.290037
2013-10-09,15.65,15.83,15.35,15.80,479300,15.108355
2013-10-08,15.91,16.049999,15.86,15.92,1009400,15.031856
2013-10-07,16.01,16.049999,15.67,16.00,1069900,15.107393
2013-10-04,16.10,16.120001,15.92,16.00,604900,15.107393
2013-10-03,16.200001,16.200001,15.90,16.02,1609800,15.126278
2013-10-02,16.51,16.51,15.92,16.059999,963800,15.164045
2013-10-01,16.299999,16.379999,15.82,16.030001,1016500,15.13572
2013-09-30,15.89,16.450001,15.82,16.209999,4901000,15.305677
2013-09-27,15.55,15.99,15.39,15.98,864700,15.088509
2013-09-26,15.44,15.85,15.39,15.62,463000,14.748593
2013-09-25,15.65,15.77,15.37,15.51,267200,14.64473
2013-09-24,15.64,15.75,14.46,15.64,2822600,14.767477
2013-09-23,15.75,15.95,15.51,15.73,1582200,14.852456
2013-09-20,15.68,15.85,15.46,15.85,968600,14.965762
2013-09-19,15.56,15.81,15.36,15.74,2296600,14.861898
2013-09-18,15.21,15.59,15.21,15.56,2002900,14.69194
2013-09-17,16.25,16.48,14.99,15.64,4292800,14.767477
2013-09-16,15.94,16.34,15.82,16.25,1171500,15.343446
2013-09-13,15.48,15.92,15.47,15.87,1190900,14.984646
2013-09-12,15.45,15.49,15.35,15.41,691600,14.550308
2013-09-11,15.39,15.50,15.28,15.43,669500,14.569193
2013-09-10,15.62,15.65,15.36,15.44,907300,14.578634
2013-09-09,15.75,15.81,15.43,15.56,491600,14.69194
2013-09-06,15.98,16.129999,15.73,15.80,286000,14.918551
2013-09-05,16.15,16.200001,15.92,16.01,1042900,15.116836
2013-09-04,16.15,16.23,16.02,16.209999,228400,15.305677
2013-09-03,16.299999,16.360001,16.059999,16.139999,268300,15.239582
2013-08-30,15.97,16.35,15.85,16.299999,422000,15.390656
2013-08-29,15.60,16.01,15.47,16.01,571100,15.116836
2013-08-28,15.96,15.96,15.31,15.63,651300,14.758035
2013-08-27,16.43,16.51,15.79,15.91,518200,15.022414
2013-08-26,16.57,16.700001,16.50,16.530001,154200,15.607826
2013-08-23,16.799999,16.860001,16.50,16.58,228100,15.655036
2013-08-22,16.879999,16.959999,16.709999,16.780001,253500,15.843879
2013-08-21,17.02,17.08,16.82,16.84,237700,15.900532
2013-08-20,16.98,17.02,16.90,16.99,226400,16.042163
2013-08-19,16.92,17.00,16.860001,16.99,109800,16.042163
2013-08-16,16.90,17.00,16.74,16.889999,238800,15.947741
2013-08-15,16.709999,17.07,16.450001,16.99,611000,16.042163
2013-08-14,16.620001,16.76,16.33,16.76,742500,15.824995
2013-08-13,16.93,17.07,16.549999,16.59,508200,15.664479
2013-08-12,16.85,17.049999,16.85,16.959999,276200,16.013836
2013-08-09,16.77,17.110001,16.700001,16.940001,381300,15.994953
2013-08-08,17.280001,17.360001,16.65,16.809999,1275600,15.872205
2013-08-07,17.50,17.50,17.10,17.280001,801000,16.315985
2013-08-06,17.459999,17.74,17.280001,17.51,1702000,16.533154
2013-08-05,17.25,17.540001,17.17,17.48,1976900,16.504827
2013-08-02,17.34,17.360001,17.07,17.26,344100,16.297101
2013-08-01,17.27,17.389999,17.120001,17.27,577100,16.306543
2013-07-31,17.15,17.299999,17.02,17.190001,291100,16.231006
2013-07-30,17.25,17.290001,17.01,17.129999,531000,16.174352
2013-07-29,17.049999,17.26,16.91,17.219999,400800,16.259331
2013-07-26,17.32,17.34,17.00,17.110001,311800,16.155469
2013-07-25,17.059999,17.40,16.969999,17.35,743800,16.38208
2013-07-24,17.18,17.219999,16.92,17.129999,373600,16.174352
2013-07-23,17.15,17.219999,16.85,17.059999,1619500,16.108258
2013-07-22,17.08,17.08,16.93,16.950001,462000,16.004395
2013-07-19,17.15,17.27,17.049999,17.08,599500,16.127142
2013-07-18,17.35,17.43,17.110001,17.15,682700,16.193237
2013-07-17,17.129999,17.40,17.049999,17.299999,995700,16.334868
2013-07-16,17.290001,17.34,17.200001,17.32,507600,16.353753
2013-07-15,17.50,17.549999,17.120001,17.18,242900,16.221564
2013-07-12,17.40,17.52,17.35,17.50,1258600,16.523711
2013-07-11,17.450001,17.49,17.26,17.450001,990200,16.476501
2013-07-10,17.40,17.48,17.299999,17.389999,524300,16.419847
2013-07-09,17.25,17.40,17.24,17.379999,521300,16.410405
2013-07-08,17.34,17.34,17.02,17.27,855900,16.306543
2013-07-05,17.299999,17.309999,17.190001,17.26,573400,16.297101
2013-07-03,17.200001,17.280001,17.139999,17.25,332000,16.287658
2013-07-02,17.18,17.35,17.10,17.26,665300,16.297101
2013-07-01,17.18,17.25,17.07,17.18,1188800,16.221564
2013-06-28,17.200001,17.23,16.91,17.18,1904600,16.221564
2013-06-27,17.07,17.24,16.969999,17.24,1773800,16.278216
2013-06-26,16.799999,17.139999,16.799999,17.02,3420800,16.07049
2013-06-25,16.700001,16.879999,16.549999,16.75,1074800,15.815552
2013-06-24,16.799999,16.82,16.459999,16.610001,1206100,15.683363
2013-06-21,16.75,17.07,16.50,16.99,2542800,16.042163
2013-06-20,16.799999,16.85,16.309999,16.75,2785200,15.815552
2013-06-19,17.25,17.35,16.40,17.190001,7128600,16.231006
2013-06-18,17.389999,17.42,17.16,17.299999,6717200,16.334868
2013-06-17,17.610001,17.65,17.309999,17.389999,5489500,16.419847
2013-06-14,17.450001,17.549999,17.200001,17.52,9049500,16.542596
2013-06-13,17.50,17.52,16.90,17.360001,46263100,16.391522
